0,0,301
0.0005,0.001981,302
0.00141,0.001687,302
0.00262,0.003138,303
0.00472,0.005271,303
0.00763,0.006356,304
0.01067,0.005821,304
0.01418,0.008195,305
0.0191,0.0115,305
0.02511,0.01254,306
0.03121,0.01188,306
0.03777,0.01433,307
0.04633,0.01993,307
0.05755,0.02494,308
0.07029,0.02601,308
0.08423,0.02976,309
0.0992,0.03011,309
0.11483,0.03242,310
0.13084,0.03163,310
0.15135,0.05041,311
0.1794,0.06178,311
0.20957,0.05889,312
0.23834,0.05622,312
0.26898,0.06632,313
0.30322,0.07066,313
0.33819,0.06921,314
0.37636,0.08346,314
0.41492,0.0708,315
0.45564,0.09205,315
0.49819,0.07816,316
0.5342,0.0659,316
0.57363,0.09181,317
0.62496,0.1135,317
0.68296,0.1185,318
0.7352,0.09045,318
0.78488,0.1083,319
0.84346,0.126,319
0.90116,0.1048,320
0.95901,0.1266,320
1.02886,0.1528,321
1.10006,0.132,321
1.16448,0.1257,322
1.23021,0.1372,322
1.29418,0.1187,323
1.35276,0.1156,323
1.41708,0.1417,324
1.49358,0.1643,324
1.57648,0.1673,325
1.65393,0.1425,325
1.73453,0.1799,326
1.83508,0.2223,326
1.94563,0.2199,327
2.05533,0.2189,327
2.16291,0.2114,328
2.26316,0.1896,328
2.35951,0.1958,329
2.46626,0.2312,329
2.58918,0.2605,330
2.71988,0.2623,330
2.83811,0.2106,331
2.94431,0.2142,331
3.05178,0.2157,332
3.16331,0.2304,332
3.27748,0.2263,333
3.39033,0.2251,333
3.49758,0.2039,334
3.60061,0.2082,334
3.71213,0.2379,335
3.82708,0.2219,335
3.94898,0.2657,336
4.06121,0.1832,336
4.15896,0.2078,337
4.25346,0.1702,337
4.34876,0.211,338
4.45256,0.2042,338
4.56366,0.2402,339
4.68253,0.2353,339
4.79798,0.2265,340
4.91946,0.2594,340
5.04251,0.2328,341
5.15836,0.2306,341
5.26818,0.2087,342
5.38228,0.2477,342
5.50181,0.2304,343
5.62288,0.2539,343
5.74616,0.2392,344
5.84933,0.1735,344
5.93746,0.179,345
6.04041,0.2328,345
6.15753,0.2357,346
6.26621,0.199,346
6.37198,0.2241,347
6.48818,0.2407,347
6.59691,0.1942,348
6.70028,0.2193,348
6.80953,0.2177,349
6.91421,0.201,349
7.01403,0.1983,350
7.12466,0.2442,350
7.24983,0.2565,351
7.37113,0.2287,351
7.48408,0.2231,352
7.59926,0.2376,352
7.70466,0.184,353
7.80826,0.2304,353
7.92708,0.2449,354
8.05153,0.2529,354
8.17866,0.2556,355
8.30608,0.2541,355
8.42678,0.2287,356
8.54356,0.2384,356
8.65383,0.2027,357
8.74623,0.1669,357
8.83883,0.2035,358
8.92986,0.1606,358
9.00418,0.1367,359
9.08601,0.1906,359
9.19423,0.2423,360
9.31873,0.2557,360
9.43353,0.2035,361
9.53058,0.1847,361
9.62971,0.2118,362
9.72826,0.1824,362
9.83676,0.2516,363
9.95593,0.2251,363
10.06386,0.2066,364
10.17843,0.2517,364
10.29496,0.2144,365
10.40293,0.2175,365
10.52531,0.272,366
10.66506,0.287,366
10.80396,0.2686,367
10.93623,0.2605,367
11.06866,0.2692,368
11.19461,0.2346,368
11.31223,0.2359,369
11.43468,0.2539,369
11.56561,0.2698,370
11.70471,0.2866,370
11.83178,0.2217,371
11.94621,0.236,371
12.07876,0.2942,372
12.20093,0.1945,372
12.30766,0.2324,373
12.42466,0.2356,373
12.52173,0.1527,374
12.61518,0.2211,374
12.71608,0.1825,375
12.80588,0.1767,375
12.91578,0.2629,376
13.03578,0.2171,376
13.14611,0.2242,377
13.26131,0.2366,377
13.38943,0.2759,378
13.53291,0.298,378
13.67758,0.2807,379
13.80548,0.2309,379
13.91576,0.2102,380
14.02273,0.2177,380
14.14286,0.2628,381
14.27418,0.2625,381
14.39163,0.2073,382
14.48933,0.1835,382
14.57418,0.1559,383
14.64911,0.1438,383
14.71956,0.138,384
14.79198,0.1517,384
14.88551,0.2224,385
14.99606,0.2198,385
15.10201,0.204,386
15.19656,0.1742,386
15.29711,0.228,387
15.40131,0.1888,387
15.50136,0.2114,388
15.60283,0.1945,388
15.69938,0.1917,389
15.79886,0.2062,389
15.91263,0.2489,390
16.03711,0.249,390
16.15646,0.2284,391
16.28056,0.268,391
16.41568,0.2725,392
16.54101,0.2288,392
16.64926,0.2042,393
16.72861,0.1132,393
16.77741,0.08202,394
16.83949,0.1663,394
16.93377,0.2108,395
17.05054,0.2563,395
17.17949,0.2595,396
17.30042,0.2242,396
17.38912,0.1306,397
17.4462,0.09772,397
17.52015,0.1981,398
17.63878,0.2764,398
17.77908,0.2848,399
17.9271,0.3073,399
18.08025,0.3053,400
18.23558,0.316,400
18.55373,0.3203,401
18.88178,0.3358,402
19.20818,0.317,403
19.52183,0.3103,404
19.83108,0.3082,405
20.13583,0.3013,406
20.43373,0.2945,407
20.73298,0.304,408
21.04663,0.3233,409
21.34858,0.2806,410
21.63988,0.302,411
21.95203,0.3223,412
22.26933,0.3123,413
22.58258,0.3142,414
22.89623,0.3131,415
23.21113,0.3167,416
23.52298,0.307,417
23.82623,0.2995,418
24.12673,0.3015,419
24.42663,0.2983,420
24.73088,0.3102,421
25.03248,0.293,422
25.32118,0.2844,423
25.61288,0.299,424
25.91078,0.2968,425
26.20283,0.2873,426
26.48658,0.2802,427
26.76233,0.2713,428
27.02568,0.2554,429
27.26443,0.2221,430
27.48493,0.2189,431
27.73478,0.2808,432
28.01558,0.2808,433
28.28563,0.2593,434
28.54988,0.2692,435
28.83523,0.3015,436
29.13373,0.2955,437
29.41518,0.2674,438
29.68633,0.2749,439
29.96473,0.2819,440
30.25093,0.2905,441
30.55103,0.3097,442
30.85583,0.2999,443
31.15808,0.3046,444
31.45858,0.2964,445
31.74738,0.2812,446
32.03908,0.3022,447
32.34278,0.3052,448
32.64773,0.3047,449
32.95578,0.3114,450
33.27203,0.3211,451
33.58638,0.3076,452
33.88403,0.2877,453
34.17713,0.2985,454
34.47568,0.2986,455
34.77693,0.3039,456
35.08243,0.3071,457
35.38343,0.2949,458
35.67673,0.2917,459
35.96798,0.2908,460
36.26128,0.2958,461
36.55733,0.2963,462
36.85183,0.2927,463
37.14128,0.2862,464
37.42493,0.2811,465
37.70658,0.2822,466
37.98543,0.2755,467
38.26178,0.2772,468
38.53893,0.2771,469
38.81083,0.2667,470
39.07663,0.2649,471
39.34793,0.2777,472
39.62313,0.2727,473
39.89528,0.2716,474
40.16728,0.2724,475
40.43478,0.2626,476
40.69703,0.2619,477
40.96173,0.2675,478
41.22763,0.2643,479
41.49138,0.2632,480
41.75628,0.2666,481
42.02288,0.2666,482
42.28713,0.2619,483
42.54568,0.2552,484
42.79423,0.2419,485
43.02038,0.2104,486
43.23528,0.2194,487
43.46468,0.2394,488
43.70388,0.239,489
43.94843,0.2501,490
44.19568,0.2444,491
44.43268,0.2296,492
44.66543,0.2359,493
44.90188,0.237,494
45.13928,0.2378,495
45.37718,0.238,496
45.61638,0.2404,497
45.85048,0.2278,498
46.07908,0.2294,499
46.30453,0.2215,500
46.52363,0.2167,501
46.73823,0.2125,502
46.95448,0.22,503
47.17108,0.2132,504
47.38753,0.2197,505
47.61028,0.2258,506
47.83008,0.2138,507
48.04008,0.2062,508
48.24863,0.2109,509
48.45848,0.2088,510
48.66958,0.2134,511
48.88363,0.2147,512
49.09213,0.2023,513
49.29318,0.1998,514
49.49148,0.1968,515
49.68758,0.1954,516
49.87168,0.1728,517
50.04853,0.1809,518
50.23333,0.1887,519
50.42498,0.1946,520
50.62003,0.1955,521
50.81513,0.1947,522
51.00763,0.1903,523
51.20083,0.1961,524
51.39763,0.1975,525
51.59023,0.1877,526
51.77208,0.176,527
51.95268,0.1852,528
52.14233,0.1941,529
52.33458,0.1904,530
52.52593,0.1923,531
52.71453,0.1849,532
52.89633,0.1787,533
53.07728,0.1832,534
53.26208,0.1864,535
53.44893,0.1873,536
53.63218,0.1792,537
53.81258,0.1816,538
53.99313,0.1795,539
54.16858,0.1714,540
54.34018,0.1718,541
54.51433,0.1765,542
54.68958,0.174,543
54.86473,0.1763,544
55.04033,0.1749,545
55.21518,0.1748,546
55.38953,0.1739,547
55.56208,0.1712,548
55.73328,0.1712,549
55.90528,0.1728,550
56.07668,0.17,551
56.24698,0.1706,552
56.41573,0.1669,553
56.58423,0.1701,554
56.75418,0.1698,555
56.92253,0.1669,556
57.08653,0.1611,557
57.24673,0.1593,558
57.40423,0.1557,559
57.56068,0.1572,560
57.71863,0.1587,561
57.87648,0.157,562
58.03538,0.1608,563
58.19373,0.1559,564
58.34873,0.1541,565
58.50148,0.1514,566
58.65403,0.1537,567
58.80683,0.1519,568
58.95668,0.1478,569
59.10428,0.1474,570
59.25103,0.1461,571
59.39868,0.1492,572
59.54848,0.1504,573
59.69843,0.1495,574
59.84633,0.1463,575
59.99178,0.1446,576
60.13698,0.1458,577
60.28153,0.1433,578
60.42493,0.1435,579
60.56963,0.1459,580
60.71573,0.1463,581
60.86323,0.1487,582
61.01198,0.1488,583
61.16128,0.1498,584
61.30903,0.1457,585
61.45298,0.1422,586
61.59653,0.1449,587
61.73938,0.1408,588
61.87183,0.1241,589
61.99858,0.1294,590
62.13158,0.1366,591
62.26713,0.1345,592
62.40248,0.1362,593
62.53808,0.135,594
62.67123,0.1313,595
62.80488,0.136,596
62.93993,0.1341,597
63.07368,0.1334,598
63.20698,0.1332,599
63.34013,0.1331,600
63.47243,0.1315,601
63.60318,0.13,602
63.73403,0.1317,603
63.86658,0.1334,604
63.99948,0.1324,605
64.13148,0.1316,606
64.26363,0.1327,607
64.39548,0.131,608
64.52643,0.1309,609
64.65663,0.1295,610
64.78633,0.1299,611
64.91583,0.1291,612
65.04388,0.127,613
65.16983,0.1249,614
65.29593,0.1273,615
65.42093,0.1227,616
65.54333,0.1221,617
65.66758,0.1264,618
65.79313,0.1247,619
65.91793,0.1249,620
66.04258,0.1244,621
66.16543,0.1213,622
66.28508,0.118,623
66.40213,0.1161,624
66.51838,0.1164,625
66.63558,0.118,626
66.75408,0.119,627
66.86898,0.1108,628
66.98218,0.1156,629
67.09633,0.1127,630
67.21023,0.1151,631
67.32458,0.1136,632
67.43988,0.117,633
67.55618,0.1156,634
67.67253,0.1171,635
67.78863,0.1151,636
67.90443,0.1165,637
68.02133,0.1173,638
68.13788,0.1158,639
68.25298,0.1144,640
68.36723,0.1141,641
68.48088,0.1132,642
68.59468,0.1144,643
68.70873,0.1137,644
68.82233,0.1135,645
68.93438,0.1106,646
69.04418,0.109,647
69.15303,0.1087,648
69.26053,0.1063,649
69.36698,0.1066,650
69.47573,0.1109,651
69.58413,0.1059,652
69.69148,0.1088,653
69.79948,0.1072,654
69.90453,0.1029,655
70.0014,0.09084,656
70.09328,0.09292,657
70.19159,0.1037,658
70.29534,0.1038,659
70.39889,0.1033,660
70.50179,0.1025,661
70.60374,0.1014,662
70.70432,0.09976,663
70.8051,0.1018,664
70.90705,0.1021,665
71.00935,0.1025,666
71.11185,0.1025,667
71.21435,0.1025,668
71.3175,0.1038,669
71.421,0.1032,670
71.52405,0.1029,671
71.6264,0.1018,672
71.72885,0.1031,673
71.8316,0.1024,674
71.9334,0.1012,675
72.0348,0.1016,676
72.13575,0.1003,677
72.23605,0.1003,678
72.3354,0.0984,679
72.43406,0.09893,680
72.53256,0.09807,681
72.63047,0.09774,682
72.72798,0.09729,683
72.8249,0.09654,684
72.92174,0.09715,685
73.01848,0.09632,686
73.09851,0.06375,687
73.16764,0.0745,688
73.24218,0.07459,689
73.3185,0.07805,690
73.39851,0.08196,691
73.48185,0.08473,692
73.5661,0.08376,693
73.64937,0.08278,694
73.73377,0.08603,695
73.81973,0.08589,696
73.90821,0.09106,697
73.99844,0.08941,698
74.08665,0.087,699
74.17302,0.08574,700
74.2582,0.08463,701
74.34301,0.08499,702
74.42797,0.08492,703
74.51415,0.08745,704
74.60155,0.08735,705
74.68876,0.08707,706
74.77576,0.08692,707
74.86266,0.08689,708
74.94951,0.0868,709
75.0362,0.08658,710
75.12261,0.08624,711
75.20861,0.08576,712
75.29381,0.08465,713
75.3785,0.08473,714
75.46178,0.08182,715
75.54351,0.08165,716
75.61955,0.07043,717
75.68693,0.06433,718
75.7484,0.0586,719
75.80838,0.06136,720
75.87292,0.06772,721
75.94558,0.07761,722
76.02032,0.07187,723
76.08846,0.0644,724
76.15227,0.06323,725
76.21698,0.06618,726
76.2835,0.06686,727
76.34824,0.06263,728
76.412,0.06488,729
76.47877,0.06866,730
76.54579,0.06538,731
76.61341,0.06986,732
76.68528,0.07388,733
76.75995,0.07547,734
76.83454,0.0737,735
76.90809,0.07341,736
76.98154,0.07349,737
77.05552,0.07446,738
77.12914,0.07278,739
77.20277,0.07449,740
77.2768,0.07356,741
77.3503,0.07344,742
77.42457,0.0751,743
77.49946,0.07469,744
77.57406,0.0745,745
77.64862,0.07463,746
77.72323,0.07459,747
77.79765,0.07424,748
77.87137,0.0732,749
77.94445,0.07297,750
78.01695,0.07203,751
78.08904,0.07214,752
78.16127,0.07232,753
78.23358,0.0723,754
78.30557,0.07169,755
78.37715,0.07146,756
78.44856,0.07137,757
78.5194,0.0703,758
78.58888,0.06866,759
78.62885,0.01128,760
78.63745,0.005913,761
78.65767,0.03453,762
78.68349,0.01711,763
78.7049,0.02572,764
78.73489,0.03425,765
78.77304,0.04206,766
78.82062,0.05309,767
78.87778,0.06124,768
78.93958,0.06236,769
79.00292,0.06432,770
79.06742,0.06467,771
79.13206,0.06462,772
79.19681,0.06488,773
79.26144,0.06437,774
79.32547,0.06369,775
79.38945,0.06427,776
79.4532,0.06324,777
79.51616,0.06267,778
79.57875,0.06252,779
79.641,0.06198,780
79.70293,0.06188,781
79.76492,0.0621,782
79.82639,0.06084,783
79.88729,0.06096,784
79.94794,0.06034,785
80.00854,0.06085,786
80.06876,0.0596,787
80.1279,0.05867,788
80.18647,0.05847,789
80.24407,0.05673,790
80.30097,0.05708,791
80.35776,0.0565,792
80.41372,0.05541,793
80.46955,0.05625,794
80.52618,0.05702,795
80.58222,0.05505,796
80.63723,0.05498,797
80.69296,0.05647,798
80.74916,0.05593,799
80.80451,0.05478,800
80.85913,0.05445,801
80.91342,0.05414,802
80.96728,0.05357,803
81.0208,0.05348,804
81.07413,0.05317,805
81.12797,0.05452,806
81.18208,0.05369,807
81.23571,0.05358,808
81.28871,0.05241,809
81.34081,0.0518,810
81.39257,0.05172,811
81.44345,0.05004,812
81.49288,0.04881,813
81.53861,0.04265,814
81.58106,0.04225,815
81.62172,0.03907,816
81.66111,0.03971,817
81.70002,0.03811,818
81.7404,0.04266,819
81.78173,0.03999,820
81.82516,0.04688,821
81.87129,0.04537,822
81.90915,0.03035,823
81.94621,0.04378,824
81.99087,0.04553,825
82.03544,0.04362,826
82.08026,0.04601,827
82.12261,0.03869,828
82.16346,0.04302,829
82.20614,0.04233,830
82.2485,0.04239,831
82.29015,0.04092,832
82.33241,0.04359,833
82.37514,0.04187,834
82.41907,0.04599,835
82.46398,0.04384,836
82.50884,0.04587,837
82.55393,0.04431,838
82.59855,0.04494,839
82.64392,0.0458,840
82.68933,0.04502,841
82.73435,0.04501,842
82.77929,0.04488,843
82.82379,0.04412,844
82.86861,0.04551,845
82.91396,0.04519,846
82.95867,0.04423,847
83.0027,0.04383,848
83.04584,0.04246,849
83.08736,0.04057,850
83.12906,0.04283,851
83.17168,0.04241,852
83.21324,0.04072,853
83.25113,0.03506,854
83.28788,0.03843,855
83.32804,0.04189,856
83.37034,0.04272,857
83.41285,0.0423,858
83.45512,0.04224,859
83.49735,0.04221,860
83.53939,0.04188,861
83.58156,0.04245,862
83.62446,0.04335,863
83.66668,0.04109,864
83.70754,0.04064,865
83.74609,0.03646,866
83.7833,0.03796,867
83.82289,0.04121,868
83.86362,0.04026,869
83.90441,0.04132,870
83.9454,0.04066,871
83.98594,0.04042,872
84.02628,0.04025,873
84.06624,0.03967,874
84.10546,0.03878,875
84.1444,0.03909,876
84.18364,0.03939,877
84.22319,0.03972,878
84.26256,0.03902,879
84.30112,0.0381,880
84.33889,0.03743,881
84.37668,0.03815,882
84.41485,0.03819,883
84.45291,0.03793,884
84.49094,0.03813,885
84.52812,0.03624,886
84.56452,0.03655,887
84.60129,0.03699,888
84.63846,0.03735,889
84.6756,0.03693,890
84.71246,0.0368,891
84.74868,0.03564,892
84.7837,0.0344,893
84.81743,0.03306,894
84.84951,0.03109,895
84.8796,0.0291,896
84.90654,0.02477,897
84.93247,0.02709,898
84.95616,0.02029,899
84.98014,0.02768,900
85.00463,0.02129,901
85.02783,0.02511,902
85.05302,0.02528,903
85.08171,0.0321,904
85.1132,0.03088,905
85.14303,0.02878,906
85.16897,0.02309,907
85.19228,0.02354,908
85.21684,0.02557,909
85.24083,0.02242,910
85.264,0.02392,911
85.28847,0.02501,912
85.31228,0.02261,913
85.33477,0.02237,914
85.35811,0.02431,915
85.38044,0.02035,916
85.40367,0.02612,917
85.42714,0.02082,918
85.4508,0.02649,919
85.47741,0.02673,920
85.5047,0.02785,921
85.53098,0.02471,922
85.55673,0.0268,923
85.58276,0.02526,924
85.60771,0.02463,925
85.63246,0.02488,926
85.65886,0.02792,927
85.68287,0.0201,928
85.70204,0.01824,929
85.71822,0.01412,930
85.73194,0.01332,931
85.74331,0.009419,932
85.7518,0.007565,933
85.7576,0.004027,934
85.76348,0.007731,935
85.76971,0.004721,936
85.77445,0.004773,937
85.77979,0.005907,938
85.78909,0.01269,939
85.80313,0.01539,940
85.81655,0.01144,941
85.82892,0.01331,942
85.83985,0.008554,943
85.84865,0.009033,944
85.85902,0.01171,945
85.86775,0.005758,946
85.87649,0.01172,947
85.88659,0.00847,948
85.89877,0.01589,949
85.90878,0.00413,950
85.91864,0.01559,951
85.93047,0.008078,952
85.93979,0.01057,953
85.95163,0.01311,954
85.96353,0.01068,955
85.97403,0.01033,956
85.98321,0.008022,957
85.99466,0.01488,958
86.00792,0.01163,959
86.02028,0.0131,960
86.03422,0.01478,961
86.04858,0.01393,962
86.06363,0.01618,963
86.07908,0.01472,964
86.09448,0.01607,965
86.11053,0.01604,966
86.12652,0.01593,967
86.14537,0.02178,968
86.16765,0.02277,969
86.18941,0.02075,970
86.21176,0.02396,971
86.23515,0.02281,972
86.25637,0.01963,973
86.27546,0.01856,974
86.29438,0.01927,975
86.31311,0.0182,976
86.33265,0.02088,977
86.35296,0.01973,978
86.37318,0.02071,979
86.39321,0.01935,980
86.41461,0.02346,981
86.43753,0.02237,982
86.45939,0.02135,983
86.48213,0.02414,984
86.50527,0.02214,985
86.52861,0.02454,986
86.55287,0.02398,987
86.57681,0.02389,988
86.60094,0.02437,989
86.62496,0.02368,990
86.64898,0.02435,991
86.67339,0.02447,992
86.69755,0.02385,993
86.72167,0.02439,994
86.74603,0.02433,995
86.77028,0.02418,996
86.79447,0.02419,997
86.81858,0.02404,998
86.84256,0.02392,999
86.86637,0.0237,1000
86.89021,0.02398,1001
86.91382,0.02323,1002
86.93717,0.02348,1003
86.96034,0.02286,1004
86.98278,0.02201,1005
87.0052,0.02283,1006
87.02825,0.02328,1007
87.05145,0.02311,1008
87.07448,0.02295,1009
87.09736,0.02281,1010
87.12028,0.02303,1011
87.14319,0.02279,1012
87.16604,0.02291,1013
87.18885,0.02272,1014
87.21148,0.02254,1015
87.23395,0.0224,1016
87.25636,0.02242,1017
87.27873,0.02231,1018
87.30078,0.02179,1019
87.32274,0.02213,1020
87.34484,0.02207,1021
87.3668,0.02186,1022
87.38876,0.02206,1023
87.41065,0.02172,1024
87.4325,0.02198,1025
87.45442,0.02185,1026
87.47623,0.02177,1027
87.49796,0.02169,1028
87.5195,0.0214,1029
87.54096,0.02152,1030
87.56242,0.0214,1031
87.58378,0.02131,1032
87.60491,0.02096,1033
87.62586,0.02093,1034
87.64681,0.02097,1035
87.66781,0.02104,1036
87.68866,0.02066,1037
87.70936,0.02073,1038
87.73006,0.02068,1039
87.75069,0.02057,1040
87.77128,0.02062,1041
87.79182,0.02045,1042
87.81222,0.02035,1043
87.83259,0.02039,1044
87.85282,0.02008,1045
87.87278,0.01983,1046
87.89268,0.01998,1047
87.9127,0.02006,1048
87.9327,0.01994,1049
87.95258,0.01981,1050
87.97237,0.01977,1051
87.99208,0.01965,1052
88.01164,0.01947,1053
88.03111,0.01948,1054
88.05058,0.01946,1055
88.07,0.01937,1056
88.08932,0.01928,1057
88.10835,0.01877,1058
88.12711,0.01876,1059
88.14585,0.01871,1060
88.16453,0.01866,1061
88.18323,0.01873,1062
88.20185,0.01851,1063
88.22045,0.0187,1064
88.23907,0.01853,1065
88.2574,0.01813,1066
88.27563,0.01834,1067
88.29375,0.0179,1068
88.31136,0.01732,1069
88.32896,0.01788,1070
88.34697,0.01814,1071
88.36499,0.01789,1072
88.38274,0.01761,1073
88.40057,0.01805,1074
88.41813,0.01707,1075
88.43565,0.01798,1076
88.45344,0.01759,1077
88.47084,0.01722,1078
88.48826,0.01761,1079
88.50567,0.01722,1080
88.5226,0.01664,1081
88.53938,0.01692,1082
88.55632,0.01695,1083
88.57304,0.01649,1084
88.58985,0.01714,1085
88.60617,0.01549,1086
88.62195,0.01607,1087
88.63837,0.01678,1088
88.65486,0.01619,1089
88.67083,0.01576,1090
88.68703,0.01663,1091
88.70363,0.01657,1092
88.71884,0.01385,1093
88.73331,0.01509,1094
88.74807,0.01443,1095
88.76215,0.01374,1096
88.77706,0.01607,1097
88.79183,0.01348,1098
88.8056,0.01406,1099
88.81911,0.01295,1100
88.83214,0.01312,1101
88.84494,0.01247,1102
88.85732,0.0123,1103
88.86962,0.0123,1104
88.88256,0.01358,1105
88.89441,0.01011,1106
88.90586,0.0128,1107
88.91759,0.01066,1108
88.92825,0.01066,1109
88.93988,0.0126,1110
88.95031,0.00825,1111
88.9597,0.01053,1112
88.96818,0.00644,1113
88.97502,0.007243,1114
88.9816,0.005915,1115
88.98687,0.004624,1116
88.98997,0.001581,1117
88.99329,0.00505,1118
88.997,0.002382,1119
88.99971,0.003029,1120
89.00327,0.004094,1121
89.00613,0.001622,1122
89.00829,0.002708,1123
89.01078,0.002262,1124
89.01341,0.002998,1125
89.01539,0.0009708,1126
89.01758,0.003392,1127
89.02025,0.001949,1128
89.02226,0.002075,1129
89.02396,0.001328,1130
89.02799,0.006725,1131
89.03393,0.005165,1132
89.03809,0.00315,1133
89.04003,0.0007376,1134
89.04054,0.0002695,1135
89.04196,0.002575,1136
89.04651,0.006531,1137
89.05201,0.004476,1138
89.0577,0.006905,1139
89.06399,0.005669,1140
89.06894,0.004218,1141
89.07349,0.004899,1142
89.07952,0.007149,1143
89.08424,0.002304,1144
89.08688,0.002971,1145
89.08997,0.003212,1146
89.0921,0.001049,1147
89.09566,0.006065,1148
89.10106,0.004743,1149
89.10467,0.002464,1150
89.10807,0.004341,1151
89.11296,0.005434,1152
89.11832,0.005285,1153
89.12237,0.002827,1154
89.12731,0.007041,1155
89.13396,0.006272,1156
89.14065,0.007101,1157
89.14771,0.007008,1158
89.15502,0.007616,1159
89.16203,0.006405,1160
89.16925,0.008037,1161
89.17729,0.00805,1162
89.1869,0.01116,1163
89.19719,0.00943,1164
89.20632,0.008834,1165
89.21512,0.008753,1166
89.22429,0.009588,1167
89.23393,0.009689,1168
89.24374,0.009944,1169
89.25414,0.01085,1170
89.26484,0.01054,1171
89.27547,0.01073,1172
89.28622,0.01077,1173
89.29534,0.007468,1174
89.30432,0.0105,1175
89.31537,0.0116,1176
89.32671,0.01108,1177
89.33631,0.008111,1178
89.34618,0.01164,1179
89.35714,0.01027,1180
89.36758,0.01062,1181
89.37644,0.007096,1182
89.38521,0.01044,1183
89.39527,0.009688,1184
89.40477,0.0093,1185
89.415,0.01117,1186
89.42588,0.01058,1187
89.43476,0.007174,1188
89.44324,0.009791,1189
89.45355,0.01083,1190
89.46407,0.01022,1191
89.47466,0.01095,1192
89.48535,0.01044,1193
89.49596,0.01077,1194
89.50641,0.01014,1195
89.51634,0.009722,1196
89.52659,0.01076,1197
89.53685,0.009761,1198
89.54582,0.008195,1199
89.55502,0.0102,1200
89.56502,0.00979,1201
89.57477,0.009711,1202
89.58442,0.009589,1203
89.59321,0.007988,1204
89.60205,0.009702,1205
89.61236,0.01092,1206
89.62255,0.00946,1207
89.63193,0.009306,1208
89.64136,0.009538,1209
89.65112,0.009991,1210
89.66086,0.009488,1211
89.67029,0.009364,1212
89.68022,0.01051,1213
89.69027,0.009593,1214
89.69976,0.009384,1215
89.70967,0.01043,1216
89.71995,0.01012,1217
89.73011,0.0102,1218
89.74015,0.009893,1219
89.75018,0.01017,1220
89.76043,0.01033,1221
89.77058,0.00996,1222
89.78048,0.009846,1223
89.79031,0.009805,1224
89.80031,0.01021,1225
89.81056,0.01028,1226
89.82041,0.009428,1227
89.83028,0.01031,1228
89.84056,0.01025,1229
89.85071,0.01005,1230
89.86091,0.01034,1231
89.87121,0.01026,1232
89.88127,0.009873,1233
89.89136,0.01029,1234
89.9016,0.0102,1235
89.91184,0.01027,1236
89.92202,0.0101,1237
89.93217,0.0102,1238
89.9423,0.01005,1239
89.95236,0.01007,1240
89.96239,0.01,1241
89.97238,0.009972,1242
89.9823,0.009875,1243
89.9922,0.009927,1244
90.00214,0.009954,1245
90.01206,0.009879,1246
90.02191,0.009823,1247
90.03172,0.009797,1248
90.04152,0.009814,1249
90.0513,0.009737,1250
90.06096,0.009592,1251
90.07055,0.009582,1252
90.08008,0.009483,1253
90.08951,0.009366,1254
90.09895,0.009523,1255
90.10833,0.009227,1256
90.11752,0.009159,1257
90.12676,0.009326,1258
90.1359,0.008952,1259
90.14487,0.008986,1260
90.15358,0.008441,1261
90.16189,0.008161,1262
90.17005,0.008161,1263
90.17787,0.007489,1264
90.18566,0.008083,1265
90.19357,0.007745,1266
90.20139,0.007883,1267
90.20905,0.007443,1268
90.21501,0.004486,1269
90.22116,0.007811,1270
90.22921,0.008279,1271
90.23749,0.008295,1272
90.24574,0.008191,1273
90.25394,0.008207,1274
90.2622,0.008318,1275
90.27055,0.008389,1276
90.27896,0.008435,1277
90.28748,0.008597,1278
90.29603,0.008505,1279
90.30447,0.008383,1280
90.31266,0.007991,1281
90.32051,0.007696,1282
90.32849,0.008273,1283
90.33685,0.008454,1284
90.34533,0.008498,1285
90.35388,0.008603,1286
90.3624,0.008446,1287
90.37084,0.008431,1288
90.37912,0.008132,1289
90.38735,0.008325,1290
90.39573,0.008427,1291
90.40388,0.007874,1292
90.41193,0.008235,1293
90.42013,0.008155,1294
90.42826,0.0081,1295
90.43615,0.007696,1296
90.44362,0.007245,1297
90.45116,0.00783,1298
90.45916,0.008169,1299
90.46666,0.006821,1300
90.47359,0.007037,1301
90.48098,0.00776,1302
90.48821,0.006698,1303
90.49438,0.00564,1304
90.50098,0.007549,1305
90.50852,0.00754,1306
90.51516,0.005736,1307
90.52135,0.006652,1308
90.5284,0.007449,1309
90.53493,0.005596,1310
90.54089,0.006331,1311
90.54713,0.006153,1312
90.55321,0.006002,1313
90.55886,0.005298,1314
90.56412,0.005226,1315
90.56982,0.006166,1316
90.57581,0.005813,1317
90.58188,0.006342,1318
90.58748,0.004852,1319
90.59225,0.004682,1320
90.59735,0.00552,1321
90.6029,0.005578,1322
90.60774,0.004104,1323
90.61216,0.004732,1324
90.61753,0.006006,1325
90.62307,0.005086,1326
90.62803,0.004826,1327
90.6325,0.004109,1328
90.63606,0.003021,1329
90.63957,0.004003,1330
90.64274,0.002325,1331
90.6451,0.002403,1332
90.64801,0.003421,1333
90.65115,0.002852,1334
90.65458,0.004019,1335
90.65815,0.003114,1336
90.66107,0.002723,1337
90.66391,0.00296,1338
90.66686,0.002945,1339
90.66976,0.002853,1340
90.67258,0.002778,1341
90.67543,0.002921,1342
90.67785,0.001922,1343
90.67937,0.001113,1344
90.68074,0.00164,1345
90.68195,0.0007795,1346
90.68274,0.0007916,1347
90.68316,0.00004641,1348
90.68327,0.0001725,1349
90.68344,0.0001797,1350
90.68355,0.00004155,1351
90.68358,0.00001077,1352
